rank,ticker,baseline_date,baseline_open,last_date,last_close,return,return_pct,tradingview_symbol,tradingview_4h_url
1,ALAB,2026-09-14,269.25,2026-09-30,355.970001,0.32207985597289923,32.20798559728992,NASDAQ:ALAB,https://www.tradingview.com/chart/?symbol=NASDAQ%3AALAB&interval=240
2,AMD,2026-09-14,486.279999,2026-09-30,611.76001,0.258040658265442,25.804065826544196,NASDAQ:AMD,https://www.tradingview.com/chart/?symbol=NASDAQ%3AAMD&interval=240
3,INTC,2026-09-14,95.82,2026-09-30,120.230003,0.25474852577595963,25.474852577595964,NASDAQ:INTC,https://www.tradingview.com/chart/?symbol=NASDAQ%3AINTC&interval=240
4,MRVL,2026-09-14,215.809998,2026-09-30,264.209991,0.22427132405366668,22.427132405366667,NASDAQ:MRVL,https://www.tradingview.com/chart/?symbol=NASDAQ%3AMRVL&interval=240
5,DDOG,2026-09-14,225.020004,2026-09-30,273.850006,0.21700293708967244,21.700293708967244,NASDAQ:DDOG,https://www.tradingview.com/chart/?symbol=NASDAQ%3ADDOG&interval=240
6,AMAT,2026-09-14,422.200012,2026-09-30,511.380005,0.21122688322436778,21.12268832243678,NASDAQ:AMAT,https://www.tradingview.com/chart/?symbol=NASDAQ%3AAMAT&interval=240
7,CRWD,2026-09-14,219.0,2026-09-30,264.75,0.20890410958904115,20.890410958904116,NASDAQ:CRWD,https://www.tradingview.com/chart/?symbol=NASDAQ%3ACRWD&interval=240
8,LRCX,2026-09-14,274.708175,2026-09-30,328.51001,0.1958508669791328,19.58508669791328,NASDAQ:LRCX,https://www.tradingview.com/chart/?symbol=NASDAQ%3ALRCX&interval=240
9,ARM,2026-09-14,242.380005,2026-09-30,289.660004,0.19506559050593353,19.506559050593353,NASDAQ:ARM,https://www.tradingview.com/chart/?symbol=NASDAQ%3AARM&interval=240
10,STX,2026-09-14,777.496762,2026-09-30,922.340027,0.18629436340871774,18.629436340871774,NASDAQ:STX,https://www.tradingview.com/chart/?symbol=NASDAQ%3ASTX&interval=240
11,MU,2026-09-14,906.030029,2026-09-30,1065.109985,0.17557912090192151,17.55791209019215,NASDAQ:MU,https://www.tradingview.com/chart/?symbol=NASDAQ%3AMU&interval=240
12,MSTR,2026-09-14,130.899994,2026-09-30,153.089996,0.16951874313267035,16.951874313267034,NASDAQ:MSTR,https://www.tradingview.com/chart/?symbol=NASDAQ%3AMSTR&interval=240
13,KLAC,2026-09-14,168.080002,2026-09-30,194.929993,0.15974530314269497,15.974530314269497,NASDAQ:KLAC,https://www.tradingview.com/chart/?symbol=NASDAQ%3AKLAC&interval=240
14,TER,2026-09-14,347.119995,2026-09-30,400.910004,0.15496084726194592,15.496084726194592,NASDAQ:TER,https://www.tradingview.com/chart/?symbol=NASDAQ%3ATER&interval=240
15,RKLB,2026-09-14,60.549999,2026-09-30,69.68,0.15078449518009363,15.078449518009363,NASDAQ:RKLB,https://www.tradingview.com/chart/?symbol=NASDAQ%3ARKLB&interval=240
16,NBIS,2026-09-14,204.979996,2026-09-30,235.880005,0.15074646209060294,15.074646209060294,NASDAQ:NBIS,https://www.tradingview.com/chart/?symbol=NASDAQ%3ANBIS&interval=240
17,SHOP,2026-09-14,129.139999,2026-09-30,148.300003,0.14836614335345266,14.836614335345267,NASDAQ:SHOP,https://www.tradingview.com/chart/?symbol=NASDAQ%3ASHOP&interval=240
18,PANW,2026-09-14,346.48999,2026-09-30,397.309998,0.1466709248652256,14.66709248652256,NASDAQ:PANW,https://www.tradingview.com/chart/?symbol=NASDAQ%3APANW&interval=240
19,CDNS,2026-09-14,288.0,2026-09-30,330.190002,0.1464930640326605,14.64930640326605,NASDAQ:CDNS,https://www.tradingview.com/chart/?symbol=NASDAQ%3ACDNS&interval=240
20,SNDK,2026-09-14,1521.525024,2026-09-30,1739.890015,0.14351718619841103,14.351718619841103,NASDAQ:SNDK,https://www.tradingview.com/chart/?symbol=NASDAQ%3ASNDK&interval=240
21,MPWR,2026-09-14,1182.683146,2026-09-30,1347.219971,0.13912164538549177,13.912164538549177,NASDAQ:MPWR,https://www.tradingview.com/chart/?symbol=NASDAQ%3AMPWR&interval=240
22,ASML,2026-09-14,1594.209961,2026-09-30,1811.670044,0.13640617505609587,13.640617505609587,NASDAQ:ASML,https://www.tradingview.com/chart/?symbol=NASDAQ%3AASML&interval=240
23,LITE,2026-09-14,860.875,2026-09-30,971.26001,0.12822420184768402,12.8224201847684,NASDAQ:LITE,https://www.tradingview.com/chart/?symbol=NASDAQ%3ALITE&interval=240
24,WBD,2026-09-14,27.950001,2026-09-30,30.950001,0.10733452300931146,10.733452300931145,NASDAQ:WBD,https://www.tradingview.com/chart/?symbol=NASDAQ%3AWBD&interval=240
25,SNPS,2026-09-14,393.890015,2026-09-30,434.940002,0.10421687848474015,10.421687848474015,NASDAQ:SNPS,https://www.tradingview.com/chart/?symbol=NASDAQ%3ASNPS&interval=240
26,AMGN,2026-09-14,381.940002,2026-09-30,421.51001,0.10360267861779993,10.360267861779992,NASDAQ:AMGN,https://www.tradingview.com/chart/?symbol=NASDAQ%3AAMGN&interval=240
27,META,2026-09-14,657.311303,2026-09-30,725.179993,0.10325197487486215,10.325197487486214,NASDAQ:META,https://www.tradingview.com/chart/?symbol=NASDAQ%3AMETA&interval=240
28,PLTR,2026-09-14,169.695007,2026-09-30,187.050003,0.10227169320533203,10.227169320533203,NASDAQ:PLTR,https://www.tradingview.com/chart/?symbol=NASDAQ%3APLTR&interval=240
29,FTNT,2026-09-14,162.330002,2026-09-30,178.759995,0.1012135310198592,10.12135310198592,NASDAQ:FTNT,https://www.tradingview.com/chart/?symbol=NASDAQ%3AFTNT&interval=240
30,MCHP,2026-09-14,71.050003,2026-09-30,77.769997,0.09458118652596359,9.458118652596358,NASDAQ:MCHP,https://www.tradingview.com/chart/?symbol=NASDAQ%3AMCHP&interval=240
31,TXN,2026-09-14,256.779999,2026-09-30,280.089996,0.09077808890648353,9.077808890648353,NASDAQ:TXN,https://www.tradingview.com/chart/?symbol=NASDAQ%3ATXN&interval=240
32,ADI,2026-09-14,363.959991,2026-09-30,396.709991,0.08998241776264626,8.998241776264626,NASDAQ:ADI,https://www.tradingview.com/chart/?symbol=NASDAQ%3AADI&interval=240
33,WDC,2026-09-14,417.320007,2026-09-30,454.459991,0.08899641397256342,8.899641397256342,NASDAQ:WDC,https://www.tradingview.com/chart/?symbol=NASDAQ%3AWDC&interval=240
34,ISRG,2026-09-14,374.600006,2026-09-30,406.630005,0.08550453352220666,8.550453352220666,NASDAQ:ISRG,https://www.tradingview.com/chart/?symbol=NASDAQ%3AISRG&interval=240
35,NVDA,2026-09-14,211.240005,2026-09-30,228.380005,0.08113993061888602,8.113993061888603,NASDAQ:NVDA,https://www.tradingview.com/chart/?symbol=NASDAQ%3ANVDA&interval=240
36,QCOM,2026-09-14,170.779999,2026-09-30,184.039993,0.0776437205856415,7.764372058564151,NASDAQ:QCOM,https://www.tradingview.com/chart/?symbol=NASDAQ%3AQCOM&interval=240
37,MAR,2026-09-14,333.23999,2026-09-30,355.670013,0.06730891804907291,6.730891804907291,NASDAQ:MAR,https://www.tradingview.com/chart/?symbol=NASDAQ%3AMAR&interval=240
38,HON,2026-09-14,199.300003,2026-09-30,210.940002,0.05840441149730213,5.840441149730213,NASDAQ:HON,https://www.tradingview.com/chart/?symbol=NASDAQ%3AHON&interval=240
39,CRWV,2026-09-14,82.650002,2026-09-30,87.120003,0.05408349834456461,5.408349834456461,NASDAQ:CRWV,https://www.tradingview.com/chart/?symbol=NASDAQ%3ACRWV&interval=240
40,NXPI,2026-09-14,225.744159,2026-09-30,237.529999,0.052208834513462365,5.2208834513462365,NASDAQ:NXPI,https://www.tradingview.com/chart/?symbol=NASDAQ%3ANXPI&interval=240
41,GILD,2026-09-14,143.452044,2026-09-30,149.050003,0.03902320940410364,3.9023209404103643,NASDAQ:GILD,https://www.tradingview.com/chart/?symbol=NASDAQ%3AGILD&interval=240
42,MSFT,2026-09-14,497.059998,2026-09-30,512.900024,0.03186743438069861,3.186743438069861,NASDAQ:MSFT,https://www.tradingview.com/chart/?symbol=NASDAQ%3AMSFT&interval=240
43,DXCM,2026-09-14,83.919998,2026-09-30,86.290001,0.028241215422941446,2.8241215422941446,NASDAQ:DXCM,https://www.tradingview.com/chart/?symbol=NASDAQ%3ADXCM&interval=240
44,SPCX,2026-09-14,147.330002,2026-09-30,150.860001,0.02395980951215071,2.395980951215071,NASDAQ:SPCX,https://www.tradingview.com/chart/?symbol=NASDAQ%3ASPCX&interval=240
45,IDXX,2026-09-14,510.829987,2026-09-30,522.190002,0.02223834968140337,2.223834968140337,NASDAQ:IDXX,https://www.tradingview.com/chart/?symbol=NASDAQ%3AIDXX&interval=240
46,LIN,2026-09-14,467.880005,2026-09-30,474.649994,0.014469498467598596,1.4469498467598596,NASDAQ:LIN,https://www.tradingview.com/chart/?symbol=NASDAQ%3ALIN&interval=240
47,GEHC,2026-09-14,64.480003,2026-09-30,65.370003,0.013802719344193859,1.380271934419386,NASDAQ:GEHC,https://www.tradingview.com/chart/?symbol=NASDAQ%3AGEHC&interval=240
48,ROST,2026-09-14,230.539993,2026-09-30,233.399994,0.012405659294011828,1.2405659294011828,NASDAQ:ROST,https://www.tradingview.com/chart/?symbol=NASDAQ%3AROST&interval=240
49,FAST,2026-09-14,49.02,2026-09-30,49.529999,0.010403882431062605,1.0403882431062605,NASDAQ:FAST,https://www.tradingview.com/chart/?symbol=NASDAQ%3AFAST&interval=240
50,HONA,2026-09-14,154.0,2026-09-30,154.970001,0.006298709225345034,0.6298709225345034,NASDAQ:HONA,https://www.tradingview.com/chart/?symbol=NASDAQ%3AHONA&interval=240
51,AVGO,2026-09-14,348.994493,2026-09-30,351.190002,0.006290956670124137,0.6290956670124137,NASDAQ:AVGO,https://www.tradingview.com/chart/?symbol=NASDAQ%3AAVGO&interval=240
52,GOOG,2026-09-14,339.109985,2026-09-30,340.73999,0.004806714497429532,0.48067144974295317,NASDAQ:GOOG,https://www.tradingview.com/chart/?symbol=NASDAQ%3AGOOG&interval=240
53,PDD,2026-09-14,77.690002,2026-09-30,77.940002,0.003217917262759107,0.3217917262759107,NASDAQ:PDD,https://www.tradingview.com/chart/?symbol=NASDAQ%3APDD&interval=240
54,GOOGL,2026-09-14,343.119995,2026-09-30,344.079987,0.0027978301140691997,0.27978301140691997,NASDAQ:GOOGL,https://www.tradingview.com/chart/?symbol=NASDAQ%3AGOOGL&interval=240
55,VRTX,2026-09-14,522.169983,2026-09-30,522.809998,0.0012256825734611176,0.12256825734611176,NASDAQ:VRTX,https://www.tradingview.com/chart/?symbol=NASDAQ%3AVRTX&interval=240
56,COST,2026-09-14,913.650024,2026-09-30,910.340027,-0.0036228287310740015,-0.36228287310740015,NASDAQ:COST,https://www.tradingview.com/chart/?symbol=NASDAQ%3ACOST&interval=240
57,AAPL,2026-09-14,334.790009,2026-09-30,333.019989,-0.0052869544671985125,-0.5286954467198512,NASDAQ:AAPL,https://www.tradingview.com/chart/?symbol=NASDAQ%3AAAPL&interval=240
58,WDAY,2026-09-14,191.729996,2026-09-30,190.460007,-0.006623841036728639,-0.6623841036728639,NASDAQ:WDAY,https://www.tradingview.com/chart/?symbol=NASDAQ%3AWDAY&interval=240
59,FER,2026-09-14,54.549999,2026-09-30,54.099998,-0.008249326658720246,-0.8249326658720246,NASDAQ:FER,https://www.tradingview.com/chart/?symbol=NASDAQ%3AFER&interval=240
60,ORLY,2026-09-14,86.330002,2026-09-30,85.410004,-0.010656760679163657,-1.0656760679163657,NASDAQ:ORLY,https://www.tradingview.com/chart/?symbol=NASDAQ%3AORLY&interval=240
61,ALNY,2026-09-14,250.169998,2026-09-30,246.740005,-0.013710647563201839,-1.3710647563201839,NASDAQ:ALNY,https://www.tradingview.com/chart/?symbol=NASDAQ%3AALNY&interval=240
62,TSLA,2026-09-14,359.779999,2026-09-30,354.809998,-0.013814000882666932,-1.3814000882666932,NASDAQ:TSLA,https://www.tradingview.com/chart/?symbol=NASDAQ%3ATSLA&interval=240
63,AMZN,2026-09-14,253.149994,2026-09-30,249.149994,-0.01580090893320596,-1.580090893320596,NASDAQ:AMZN,https://www.tradingview.com/chart/?symbol=NASDAQ%3AAMZN&interval=240
64,CSCO,2026-09-14,109.970001,2026-09-30,107.629997,-0.021278566348189032,-2.127856634818903,NASDAQ:CSCO,https://www.tradingview.com/chart/?symbol=NASDAQ%3ACSCO&interval=240
65,KDP,2026-09-14,31.16403,2026-09-30,30.34,-0.026441705862802034,-2.6441705862802034,NASDAQ:KDP,https://www.tradingview.com/chart/?symbol=NASDAQ%3AKDP&interval=240
66,CCEP,2026-09-14,104.790001,2026-09-30,101.709999,-0.02939213478524083,-2.939213478524083,NASDAQ:CCEP,https://www.tradingview.com/chart/?symbol=NASDAQ%3ACCEP&interval=240
67,ODFL,2026-09-14,179.580002,2026-09-30,173.839996,-0.03196350058267705,-3.196350058267705,NASDAQ:ODFL,https://www.tradingview.com/chart/?symbol=NASDAQ%3AODFL&interval=240
68,PYPL,2026-09-14,54.360001,2026-09-30,52.529999,-0.03366449246702563,-3.366449246702563,NASDAQ:PYPL,https://www.tradingview.com/chart/?symbol=NASDAQ%3APYPL&interval=240
69,TRI,2026-09-14,101.089996,2026-09-30,97.330002,-0.03719452609601703,-3.7194526096017033,NASDAQ:TRI,https://www.tradingview.com/chart/?symbol=NASDAQ%3ATRI&interval=240
70,WMT,2026-09-14,108.080002,2026-09-30,103.919998,-0.03849004063316064,-3.849004063316064,NASDAQ:WMT,https://www.tradingview.com/chart/?symbol=NASDAQ%3AWMT&interval=240
71,AEP,2026-09-14,123.620003,2026-09-30,118.639999,-0.04028476982921991,-4.028476982921991,NASDAQ:AEP,https://www.tradingview.com/chart/?symbol=NASDAQ%3AAEP&interval=240
72,CTAS,2026-09-14,203.410004,2026-09-30,195.059998,-0.04105012513242012,-4.105012513242013,NASDAQ:CTAS,https://www.tradingview.com/chart/?symbol=NASDAQ%3ACTAS&interval=240
73,REGN,2026-09-14,791.97998,2026-09-30,758.27002,-0.04256415789392565,-4.256415789392564,NASDAQ:REGN,https://www.tradingview.com/chart/?symbol=NASDAQ%3AREGN&interval=240
74,MNST,2026-09-14,43.509998,2026-09-30,41.619999,-0.04343827769611919,-4.343827769611918,NASDAQ:MNST,https://www.tradingview.com/chart/?symbol=NASDAQ%3AMNST&interval=240
75,CSX,2026-09-14,48.639999,2026-09-30,46.509998,-0.04379114093016501,-4.379114093016501,NASDAQ:CSX,https://www.tradingview.com/chart/?symbol=NASDAQ%3ACSX&interval=240
76,ADSK,2026-09-14,219.490005,2026-09-30,209.0,-0.04779263397253308,-4.779263397253308,NASDAQ:ADSK,https://www.tradingview.com/chart/?symbol=NASDAQ%3AADSK&interval=240
77,SBUX,2026-09-14,98.790001,2026-09-30,93.959999,-0.04889160629915057,-4.889160629915057,NASDAQ:SBUX,https://www.tradingview.com/chart/?symbol=NASDAQ%3ASBUX&interval=240
78,TTWO,2026-09-14,218.429993,2026-09-30,207.5,-0.05003888221524955,-5.003888221524955,NASDAQ:TTWO,https://www.tradingview.com/chart/?symbol=NASDAQ%3ATTWO&interval=240
79,ADP,2026-09-14,272.529999,2026-09-30,258.059998,-0.053095076819126175,-5.309507681912617,NASDAQ:ADP,https://www.tradingview.com/chart/?symbol=NASDAQ%3AADP&interval=240
80,ABNB,2026-09-14,170.470001,2026-09-30,160.649994,-0.05760548632545048,-5.760548632545048,NASDAQ:ABNB,https://www.tradingview.com/chart/?symbol=NASDAQ%3AABNB&interval=240
81,XEL,2026-09-14,74.935972,2026-09-30,70.480003,-0.059463674223829366,-5.946367422382936,NASDAQ:XEL,https://www.tradingview.com/chart/?symbol=NASDAQ%3AXEL&interval=240
82,BKR,2026-09-14,58.470001,2026-09-30,54.900002,-0.06105694578915366,-6.105694578915366,NASDAQ:BKR,https://www.tradingview.com/chart/?symbol=NASDAQ%3ABKR&interval=240
83,EXC,2026-09-14,43.349998,2026-09-30,40.400002,-0.06805068170886475,-6.805068170886475,NASDAQ:EXC,https://www.tradingview.com/chart/?symbol=NASDAQ%3AEXC&interval=240
84,BKNG,2026-09-14,176.119995,2026-09-30,162.910004,-0.07500563150872452,-7.500563150872452,NASDAQ:BKNG,https://www.tradingview.com/chart/?symbol=NASDAQ%3ABKNG&interval=240
85,MDLZ,2026-09-14,62.59643,2026-09-30,57.82,-0.07630515565659812,-7.630515565659812,NASDAQ:MDLZ,https://www.tradingview.com/chart/?symbol=NASDAQ%3AMDLZ&interval=240
86,CEG,2026-09-14,276.515015,2026-09-30,254.020004,-0.08135185861272964,-8.135185861272964,NASDAQ:CEG,https://www.tradingview.com/chart/?symbol=NASDAQ%3ACEG&interval=240
87,PEP,2026-09-14,138.0,2026-09-30,126.720001,-0.08173912158910779,-8.17391215891078,NASDAQ:PEP,https://www.tradingview.com/chart/?symbol=NASDAQ%3APEP&interval=240
88,ADBE,2026-09-14,261.51001,2026-09-30,239.940002,-0.08248253037637299,-8.248253037637298,NASDAQ:ADBE,https://www.tradingview.com/chart/?symbol=NASDAQ%3AADBE&interval=240
89,DASH,2026-09-14,200.369995,2026-09-30,183.550003,-0.08394466474679718,-8.394466474679717,NASDAQ:DASH,https://www.tradingview.com/chart/?symbol=NASDAQ%3ADASH&interval=240
90,PCAR,2026-09-14,120.889999,2026-09-30,109.809998,-0.09165358496977083,-9.165358496977083,NASDAQ:PCAR,https://www.tradingview.com/chart/?symbol=NASDAQ%3APCAR&interval=240
91,MELI,2026-09-14,1911.469971,2026-09-30,1728.530029,-0.09570641663753499,-9.570641663753499,NASDAQ:MELI,https://www.tradingview.com/chart/?symbol=NASDAQ%3AMELI&interval=240
92,APP,2026-09-14,324.040009,2026-09-30,290.429993,-0.10372180898298322,-10.372180898298321,NASDAQ:APP,https://www.tradingview.com/chart/?symbol=NASDAQ%3AAPP&interval=240
93,CPRT,2026-09-14,30.629999,2026-09-30,27.280001,-0.10936985197218174,-10.936985197218174,NASDAQ:CPRT,https://www.tradingview.com/chart/?symbol=NASDAQ%3ACPRT&interval=240
94,TMUS,2026-09-14,184.199997,2026-09-30,163.080002,-0.11465795584742566,-11.465795584742565,NASDAQ:TMUS,https://www.tradingview.com/chart/?symbol=NASDAQ%3ATMUS&interval=240
95,AXON,2026-09-14,477.519989,2026-09-30,422.519989,-0.11517842449612159,-11.517842449612159,NASDAQ:AXON,https://www.tradingview.com/chart/?symbol=NASDAQ%3AAXON&interval=240
96,FANG,2026-09-14,208.300003,2026-09-30,183.809998,-0.1175708359787151,-11.75708359787151,NASDAQ:FANG,https://www.tradingview.com/chart/?symbol=NASDAQ%3AFANG&interval=240
97,NFLX,2026-09-14,78.970001,2026-09-30,69.580002,-0.11890590407116153,-11.890590407116154,NASDAQ:NFLX,https://www.tradingview.com/chart/?symbol=NASDAQ%3ANFLX&interval=240
98,ROP,2026-09-14,397.179993,2026-09-30,349.410004,-0.12027289867208035,-12.027289867208035,NASDAQ:ROP,https://www.tradingview.com/chart/?symbol=NASDAQ%3AROP&interval=240
99,CMCSA,2026-09-14,25.33,2026-09-30,21.76,-0.14093958569194853,-14.093958569194854,NASDAQ:CMCSA,https://www.tradingview.com/chart/?symbol=NASDAQ%3ACMCSA&interval=240
100,PAYX,2026-09-14,117.82,2026-09-30,98.5,-0.16397894877666463,-16.397894877666463,NASDAQ:PAYX,https://www.tradingview.com/chart/?symbol=NASDAQ%3APAYX&interval=240
101,INTU,2026-09-14,332.019989,2026-09-30,275.709991,-0.16959821523358654,-16.959821523358652,NASDAQ:INTU,https://www.tradingview.com/chart/?symbol=NASDAQ%3AINTU&interval=240
